group_code,group_name,mcc_desc,n_rows
AIR_TRAVEL,Vé máy bay & đại lý du lịch,AMERICAN AIRLINES,10212
AIR_TRAVEL,Vé máy bay & đại lý du lịch,TRAVEL AGENCIES,9234
AIR_TRAVEL,Vé máy bay & đại lý du lịch,SOUTHWEST AIRLINES,5103
AIR_TRAVEL,Vé máy bay & đại lý du lịch,AIRLINES  AIR CARRIERS,3432
AIR_TRAVEL,Vé máy bay & đại lý du lịch,UNITED AIRLINES,3043
AIR_TRAVEL,Vé máy bay & đại lý du lịch,DELTA,2672
AIR_TRAVEL,Vé máy bay & đại lý du lịch,ALASKA AIRLINES INC.,161
AIR_TRAVEL,Vé máy bay & đại lý du lịch,AIRPORTS  FLYING FIELDS  AIRPORT TERMINA,24
AIR_TRAVEL,Vé máy bay & đại lý du lịch,IBERIA,18
AIR_TRAVEL,Vé máy bay & đại lý du lịch,AIR CANADA - AIR CAN,15
AIR_TRAVEL,Vé máy bay & đại lý du lịch,BRITSH AIRWAYS - BRITISH A,15
AIR_TRAVEL,Vé máy bay & đại lý du lịch,LUFTHANSA,13
AIR_TRAVEL,Vé máy bay & đại lý du lịch,EVA AIRLINES,13
AIR_TRAVEL,Vé máy bay & đại lý du lịch,QANTAS AIR,11
AIR_TRAVEL,Vé máy bay & đại lý du lịch,QATAR AIRWAYS,11
AIR_TRAVEL,Vé máy bay & đại lý du lịch,KLM,10
AIR_TRAVEL,Vé máy bay & đại lý du lịch,FRONTIER AIRLINES - FRONTIER,9
AIR_TRAVEL,Vé máy bay & đại lý du lịch,AIR FRANCE,8
AIR_TRAVEL,Vé máy bay & đại lý du lịch,SCANDINAVIAN AIRLINE SYSTEM (SAS),8
AIR_TRAVEL,Vé máy bay & đại lý du lịch,ETHIOPIAN AIRLINES,7
AIR_TRAVEL,Vé máy bay & đại lý du lịch,FINNAIR,7
AIR_TRAVEL,Vé máy bay & đại lý du lịch,LAN AIRLINES-LANAIR,7
AIR_TRAVEL,Vé máy bay & đại lý du lịch,SWISS,6
AIR_TRAVEL,Vé máy bay & đại lý du lịch,AVIANCA,6
AIR_TRAVEL,Vé máy bay & đại lý du lịch,KOREAN AIRLINES,6
AIR_TRAVEL,Vé máy bay & đại lý du lịch,AEROMEXICO,5
AIR_TRAVEL,Vé máy bay & đại lý du lịch,HAWAIIAN AIR,4
AIR_TRAVEL,Vé máy bay & đại lý du lịch,AER LINGUS,4
AIR_TRAVEL,Vé máy bay & đại lý du lịch,TURKISH AIRLINES,3
AIR_TRAVEL,Vé máy bay & đại lý du lịch,EMIRATES AIRLINES,3
AIR_TRAVEL,Vé máy bay & đại lý du lịch,VIRGIN ATLANTIC,3
AIR_TRAVEL,Vé máy bay & đại lý du lịch,AIR NEW ZEALAND LTD. INTERNATIONAL,3
AIR_TRAVEL,Vé máy bay & đại lý du lịch,CHINA AIRLINES,3
AIR_TRAVEL,Vé máy bay & đại lý du lịch,WESTJETAIR,3
AIR_TRAVEL,Vé máy bay & đại lý du lịch,BAHAMASAIR,2
AIR_TRAVEL,Vé máy bay & đại lý du lịch,RYANAIR,2
AIR_TRAVEL,Vé máy bay & đại lý du lịch,SPIRIT AIRLINES,2
AIR_TRAVEL,Vé máy bay & đại lý du lịch,ICELANDAIR,2
AIR_TRAVEL,Vé máy bay & đại lý du lịch,JAPAN AIR LINES,2
AIR_TRAVEL,Vé máy bay & đại lý du lịch,NORWEGIAN AIR SHUTTLE - NORWEGIAN,2
AIR_TRAVEL,Vé máy bay & đại lý du lịch,GARUDA AIR (INDONESIA),1
AIR_TRAVEL,Vé máy bay & đại lý du lịch,KENYA AIRWAYS,1
AIR_TRAVEL,Vé máy bay & đại lý du lịch,CHINA EASTERN AIRLINES - CHINAEAST,1
AIR_TRAVEL,Vé máy bay & đại lý du lịch,AIR INDIA,1
AIR_TRAVEL,Vé máy bay & đại lý du lịch,AUSTRIAN AIRLINES,1
AIR_TRAVEL,Vé máy bay & đại lý du lịch,JETBLUE AIRLINES,1
AIR_TRAVEL,Vé máy bay & đại lý du lịch,MALAYSIAN AIRLINE SYSTEM,1
AIR_TRAVEL,Vé máy bay & đại lý du lịch,AEROLINEAS ARGENTINAS,1
AIR_TRAVEL,Vé máy bay & đại lý du lịch,CATHAY PACIFIC,1
AIR_TRAVEL,Vé máy bay & đại lý du lịch,EASYJET AIR,1
AIR_TRAVEL,Vé máy bay & đại lý du lịch,AIRMARO,1
AIR_TRAVEL,Vé máy bay & đại lý du lịch,TAP AIRLINE (PORTUGAL),1
LODGING,Lưu trú khách sạn,HOLIDAY INNS,8445
LODGING,Lưu trú khách sạn,LODGING  HOTELS  MOTELS  RESORTS,6189
LODGING,Lưu trú khách sạn,HAMPTON INNS HOTELS,4703
LODGING,Lưu trú khách sạn,HILTON,1676
LODGING,Lưu trú khách sạn,BEST WESTERN HOTELS,1517
LODGING,Lưu trú khách sạn,MARRIOTT,1355
LODGING,Lưu trú khách sạn,EMBASSY SUITES,1355
LODGING,Lưu trú khách sạn,HOME2 SUITES,1308
LODGING,Lưu trú khách sạn,HYATT HOTELS,1180
LODGING,Lưu trú khách sạn,HILTON GARDEN INN,1053
LODGING,Lưu trú khách sạn,STAYBRIDGE SUITES,900
LODGING,Lưu trú khách sạn,COMFORT INNS,838
LODGING,Lưu trú khách sạn,SPRINGHILL SUITES,827
LODGING,Lưu trú khách sạn,FAIRFIELD INN,785
LODGING,Lưu trú khách sạn,LA QUINTA INN AND SUITES,780
LODGING,Lưu trú khách sạn,DOUBLETREE,559
LODGING,Lưu trú khách sạn,COURTYARD INNS,531
LODGING,Lưu trú khách sạn,SHERATON,431
LODGING,Lưu trú khách sạn,RESIDENCE INN,401
LODGING,Lưu trú khách sạn,WESTIN,304
LODGING,Lưu trú khách sạn,QUALITY INNS,292
LODGING,Lưu trú khách sạn,OMNI HOTELS,267
LODGING,Lưu trú khách sạn,HOMEWOOD SUITES,252
LODGING,Lưu trú khách sạn,WYNDHAM,247
LODGING,Lưu trú khách sạn,CANDLEWOOD SUITES,247
LODGING,Lưu trú khách sạn,GAYLORD OPRYLAND,227
LODGING,Lưu trú khách sạn,RENAISSANCE HOTELS,226
LODGING,Lưu trú khách sạn,SLEEP INN,183
LODGING,Lưu trú khách sạn,ALOFT,150
LODGING,Lưu trú khách sạn,HYATT PLACE,129
LODGING,Lưu trú khách sạn,CROWNE PLAZA HOTELS,99
LODGING,Lưu trú khách sạn,COUNTRY INN BY CARLSON,91
LODGING,Lưu trú khách sạn,SUPER 8 MOTELS,84
LODGING,Lưu trú khách sạn,DAYS INNS,84
LODGING,Lưu trú khách sạn,SONESTA HOTELS,81
LODGING,Lưu trú khách sạn,CAESARS HOTEL AND CASINO,79
LODGING,Lưu trú khách sạn,MICROTEL INN AND SUITES,78
LODGING,Lưu trú khách sạn,LOEWS HOTELS,78
LODGING,Lưu trú khách sạn,DELTA HOTELS,74
LODGING,Lưu trú khách sạn,INTERCONTINENTAL HOTELS,71
LODGING,Lưu trú khách sạn,CURIO HOTELS,70
LODGING,Lưu trú khách sạn,HOTEL INDIGO,67
LODGING,Lưu trú khách sạn,MARRIOT/TOWNPLACE SUITES,61
LODGING,Lưu trú khách sạn,RAMADA INNS,59
LODGING,Lưu trú khách sạn,DRURY INN,59
LODGING,Lưu trú khách sạn,FAIRFIELD HOTELS,50
LODGING,Lưu trú khách sạn,SWISSOTEL,40
LODGING,Lưu trú khách sạn,BEAU RIVAGE HOTEL AND CASINO,34
LODGING,Lưu trú khách sạn,MANDALAY BAY RESORT,33
LODGING,Lưu trú khách sạn,BAYMONT INN & SUITES,26
LODGING,Lưu trú khách sạn,DISNEY RESORTS,26
LODGING,Lưu trú khách sạn,EMBASSY HOTELS,26
LODGING,Lưu trú khách sạn,RADISSON,25
LODGING,Lưu trú khách sạn,COSMOPOLITAN OF LAS VEGAS,25
LODGING,Lưu trú khách sạn,PARIS LAS VEGAS HOTEL,23
LODGING,Lưu trú khách sạn,LUXOR HOTEL AND CASINO,23
LODGING,Lưu trú khách sạn,FLAMINGO HOTELS,21
LODGING,Lưu trú khách sạn,RADISSON BLU,21
LODGING,Lưu trú khách sạn,PEPPERMILL HOTEL CASINO,20
LODGING,Lưu trú khách sạn,FOUR POINTS HOTELS,20
LODGING,Lưu trú khách sạn,THE RITZ-CARLTON,20
LODGING,Lưu trú khách sạn,ELEMENT,20
LODGING,Lưu trú khách sạn,HILTON INTERNATIONAL,20
LODGING,Lưu trú khách sạn,CANOPY,17
LODGING,Lưu trú khách sạn,HOWARD JOHNSON,17
LODGING,Lưu trú khách sạn,EXTENDED STAY AMERICA,16
LODGING,Lưu trú khách sạn,MERIDIEN HOTELS,13
LODGING,Lưu trú khách sạn,CLARION HOTEL,11
LODGING,Lưu trú khách sạn,FAIRMONT HOTELS CORP.,11
LODGING,Lưu trú khách sạn,RODEWAY INNS,11
LODGING,Lưu trú khách sạn,TRAILER PARKS AND CAMPGROUNDS,10
LODGING,Lưu trú khách sạn,AMERICINN,9
LODGING,Lưu trú khách sạn,HARRAH S HOTELS AND CASINOS,9
LODGING,Lưu trú khách sạn,GOLDEN NUGGET,8
LODGING,Lưu trú khách sạn,EXTENDED STAY,8
LODGING,Lưu trú khách sạn,MGM GRAND HOTEL,8
LODGING,Lưu trú khách sạn,TRAVELODGE,8
LODGING,Lưu trú khách sạn,BALLY S HOTEL AND CASINO,8
LODGING,Lưu trú khách sạn,GREAT WOLF,8
LODGING,Lưu trú khách sạn,FONTAINEBLEAU RESORTS,7
LODGING,Lưu trú khách sạn,MAINSTAY SUITES,7
LODGING,Lưu trú khách sạn,W HOTELS,6
LODGING,Lưu trú khách sạn,WALDORF,6
LODGING,Lưu trú khách sạn,BELLAGIO,6
LODGING,Lưu trú khách sạn,VENETIAN RESORT HOTEL AND CASINO,4
LODGING,Lưu trú khách sạn,ROSEN HOTELS & RESORTS,4
LODGING,Lưu trú khách sạn,AC HOTELS,4
LODGING,Lưu trú khách sạn,GAYLORD PALMS,4
LODGING,Lưu trú khách sạn,AMERICAS BEST VALUE INN,3
LODGING,Lưu trú khách sạn,SOFITEL HOTELS,3
LODGING,Lưu trú khách sạn,TRIBUTE PORTFOLIO,3
LODGING,Lưu trú khách sạn,ECONOLODGES,3
LODGING,Lưu trú khách sạn,HOTEL IBIS,3
LODGING,Lưu trú khách sạn,MOTEL 6,3
LODGING,Lưu trú khách sạn,MONTE CARLO HOTEL AND CASINO,2
LODGING,Lưu trú khách sạn,RED LION HOTELS,2
LODGING,Lưu trú khách sạn,HILTON CONRAD,2
LODGING,Lưu trú khách sạn,SHANGRI-LA INTERNATIONAL,2
LODGING,Lưu trú khách sạn,SAM S TOWN HOTEL AND CASINO,2
LODGING,Lưu trú khách sạn,DOLCE HOTELS AND RESORTS,2
LODGING,Lưu trú khách sạn,HOTEL MERCURE,1
LODGING,Lưu trú khách sạn,SILVER LEGACY HOTEL AND CASINO,1
LODGING,Lưu trú khách sạn,PARK PLAZA HOTEL,1
LODGING,Lưu trú khách sạn,PRINCE HOTELS,1
LODGING,Lưu trú khách sạn,FOUR SEASONS HOTELS,1
LODGING,Lưu trú khách sạn,TREASURE ISLAND HOTEL AND CASINO,1
LODGING,Lưu trú khách sạn,RED ROOF INNS,1
LODGING,Lưu trú khách sạn,NEW YORK-NEW YORK HOTEL + CASINO,1
LODGING,Lưu trú khách sạn,SCANDIC HOTELS,1
LODGING,Lưu trú khách sạn,HOTELS MELIA,1
LODGING,Lưu trú khách sạn,OUTRIGGER HOTELS AND RESORTS,1
LODGING,Lưu trú khách sạn,HAWTHORNE BY WYNDHAM,1
GROUND_TRANSPORT,"Đi lại (thuê xe, taxi, gửi xe, cầu đường)",TAXICABS/LIMOUSINES,2192
GROUND_TRANSPORT,"Đi lại (thuê xe, taxi, gửi xe, cầu đường)",TOLLS  ROAD AND BRIDGE FEES,1255
GROUND_TRANSPORT,"Đi lại (thuê xe, taxi, gửi xe, cầu đường)",AUTOMOBILE PARKING LOTS AND GARAGES,915
GROUND_TRANSPORT,"Đi lại (thuê xe, taxi, gửi xe, cầu đường)",ENTERPRISE RENT-A-CAR,618
GROUND_TRANSPORT,"Đi lại (thuê xe, taxi, gửi xe, cầu đường)",NATIONAL CAR RENTAL,309
GROUND_TRANSPORT,"Đi lại (thuê xe, taxi, gửi xe, cầu đường)",LOCAL SUBURBAN COMMUTER PASSENGER TRANSP,202
GROUND_TRANSPORT,"Đi lại (thuê xe, taxi, gửi xe, cầu đường)",TRANSPORTATION SERVICES NOT ELSEWHERE CL,143
GROUND_TRANSPORT,"Đi lại (thuê xe, taxi, gửi xe, cầu đường)",TRUCK AND UTILITY TRAILER RENTAL,98
GROUND_TRANSPORT,"Đi lại (thuê xe, taxi, gửi xe, cầu đường)",HERTZ CORPORATION,75
GROUND_TRANSPORT,"Đi lại (thuê xe, taxi, gửi xe, cầu đường)",BUS LINES  CHARTERS  TOUR BUSES,62
GROUND_TRANSPORT,"Đi lại (thuê xe, taxi, gửi xe, cầu đường)",PASSENGER RAILWAYS,60
GROUND_TRANSPORT,"Đi lại (thuê xe, taxi, gửi xe, cầu đường)",CAR RENTAL AGENCIES NOT ELSEWHERE CLASSI,24
GROUND_TRANSPORT,"Đi lại (thuê xe, taxi, gửi xe, cầu đường)",AVIS RENT-A-CAR,21
GROUND_TRANSPORT,"Đi lại (thuê xe, taxi, gửi xe, cầu đường)",BUDGET RENT-A-CAR,21
GROUND_TRANSPORT,"Đi lại (thuê xe, taxi, gửi xe, cầu đường)",BOAT RENTALS AND LEASE,15
GROUND_TRANSPORT,"Đi lại (thuê xe, taxi, gửi xe, cầu đường)",ALAMO RENT-A-CAR,9
GROUND_TRANSPORT,"Đi lại (thuê xe, taxi, gửi xe, cầu đường)",DOLLAR RENT-A-CAR,4
GROUND_TRANSPORT,"Đi lại (thuê xe, taxi, gửi xe, cầu đường)",SIXT CAR RENTAL,4
GROUND_TRANSPORT,"Đi lại (thuê xe, taxi, gửi xe, cầu đường)",STEAMSHIP/CRUISE LINES,2
GROUND_TRANSPORT,"Đi lại (thuê xe, taxi, gửi xe, cầu đường)",PAYLESS CAR RENTAL,1
GROUND_TRANSPORT,"Đi lại (thuê xe, taxi, gửi xe, cầu đường)",MOTOR HOME AND RECREATIONAL VEHICLE RENT,1
FOOD,Ăn uống & thực phẩm,GROCERY STORES  SUPERMARKETS,16692
FOOD,Ăn uống & thực phẩm,EATING PLACES  RESTAURANTS,7468
FOOD,Ăn uống & thực phẩm,FAST FOOD RESTAURANTS,5826
FOOD,Ăn uống & thực phẩm,CATERERS,756
FOOD,Ăn uống & thực phẩm,MISC FOOD STORES-SPECIALITY CONVENIENCE,475
FOOD,Ăn uống & thực phẩm,BAKERIES,344
FOOD,Ăn uống & thực phẩm,DRINKING PLACES (ALCOHOLIC BEV.)-BARS TA,207
FOOD,Ăn uống & thực phẩm,FREEZER AND LOCKER MEAT PROVISIONERS,36
FOOD,Ăn uống & thực phẩm,CANDY  NUT CONFECTIONERY STORES,27
FOOD,Ăn uống & thực phẩm,DAIRY PRODUCTS STORES,4
OFFICE_PRINT,"Văn phòng phẩm, sách & in ấn",BOOK STORES,78295
OFFICE_PRINT,"Văn phòng phẩm, sách & in ấn",STATIONERY OFFICE SUPPLIES PRINTING AND,9738
OFFICE_PRINT,"Văn phòng phẩm, sách & in ấn",MISCELLANEOUS PUBLISHING & PRINTING,3685
OFFICE_PRINT,"Văn phòng phẩm, sách & in ấn",POSTAGE STAMPS,961
OFFICE_PRINT,"Văn phòng phẩm, sách & in ấn",QUICK-COPY AND REPRODUCTION SERVICES,813
OFFICE_PRINT,"Văn phòng phẩm, sách & in ấn",BOOKS PERIODICALS AND NEWSPAPERS,803
OFFICE_PRINT,"Văn phòng phẩm, sách & in ấn",DIGITAL GOODS - MEDIA BOOKS MOVIES MUSIC,680
OFFICE_PRINT,"Văn phòng phẩm, sách & in ấn",STATIONARY  OFFICE AND SCHOOL SUPPLY STO,596
OFFICE_PRINT,"Văn phòng phẩm, sách & in ấn",OFFICE  PHOTOGRAPHIC  PHOTOCOPY  AND MIC,359
OFFICE_PRINT,"Văn phòng phẩm, sách & in ấn",ARTIST SUPPLY STORES  CRAFT SHOPS,325
OFFICE_PRINT,"Văn phòng phẩm, sách & in ấn",NEWS DEALERS AND NEWSSTANDS,75
OFFICE_PRINT,"Văn phòng phẩm, sách & in ấn",TYPESETTING PLATE MAKING & RELATED SERVI,18
IT_TELECOM,"CNTT, phần mềm & viễn thông",COMPUTER SOFTWARE STORES,8409
IT_TELECOM,"CNTT, phần mềm & viễn thông",TELECOMMUNICATION SERV.INCLUD. LOCAL/L.D,6943
IT_TELECOM,"CNTT, phần mềm & viễn thông",CABLE  SATELLITE & OTHER PAY TV/RADIO SE,4184
IT_TELECOM,"CNTT, phần mềm & viễn thông",COMPUTER AND DATA PROCESSING SERVICES,2964
IT_TELECOM,"CNTT, phần mềm & viễn thông",CONTINUITY/SUBSCRIPTION MERCHANTS,2328
IT_TELECOM,"CNTT, phần mềm & viễn thông",ELECTRONIC SALES,2288
IT_TELECOM,"CNTT, phần mềm & viễn thông",COMPUTERS COMPUTER PERIPHERAL EQUIPMENT,2069
IT_TELECOM,"CNTT, phần mềm & viễn thông",LARGE DIGITAL GOODS MERCHANT,1610
IT_TELECOM,"CNTT, phần mềm & viễn thông",COMPUTER NETWORK/INFORMATION SERVICES,1430
IT_TELECOM,"CNTT, phần mềm & viễn thông",DIGITAL GOODS - APPS (EXCLUDES GAMES),768
IT_TELECOM,"CNTT, phần mềm & viễn thông",TELECOMMUNICATION EQUIPMENT INCLUDING TE,463
IT_TELECOM,"CNTT, phần mềm & viễn thông",INFORMATION RETRIEVAL SERVICES,118
IT_TELECOM,"CNTT, phần mềm & viễn thông",COMPUTER MAINTENANCE REPAIR & SERVICES N,105
IT_TELECOM,"CNTT, phần mềm & viễn thông",CAMERA AND PHOTOGRAPHIC SUPPLY STORES,98
IT_TELECOM,"CNTT, phần mềm & viễn thông",DIGITAL GOODS - GAMES,49
IT_TELECOM,"CNTT, phần mềm & viễn thông",RADIO  TELEVISION AND STEREO REPAIR SHOP,36
MEDICAL_LAB,"Y tế, phòng thí nghiệm & hóa chất",LAB/MEDICAL/DENTAL/OPHTHALMIC HOSPITAL E,15534
MEDICAL_LAB,"Y tế, phòng thí nghiệm & hóa chất",CHEMICALS AND ALLIED PRODUCTS NOT ESLEWH,2830
MEDICAL_LAB,"Y tế, phòng thí nghiệm & hóa chất",MEDICAL AND DENTAL LABORATORIES,1273
MEDICAL_LAB,"Y tế, phòng thí nghiệm & hóa chất",TESTING LABORATORIES (NON-MEDICAL),1086
MEDICAL_LAB,"Y tế, phòng thí nghiệm & hóa chất",MEDICAL SERVICES & HEALTH PRACTITIONERS,688
MEDICAL_LAB,"Y tế, phòng thí nghiệm & hóa chất",DRUG STORES  PHARMACIES,526
MEDICAL_LAB,"Y tế, phòng thí nghiệm & hóa chất",DRUGS DRUG PROPRIETARIES AND DRUGGIST S,480
MEDICAL_LAB,"Y tế, phòng thí nghiệm & hóa chất",ORTHOPEDIC GOODS-ARTIFICIAL LIMB STORES,159
MEDICAL_LAB,"Y tế, phòng thí nghiệm & hóa chất",DOCTORS  PHYSICIANS,85
MEDICAL_LAB,"Y tế, phòng thí nghiệm & hóa chất",OPTOMETRISTS  OPTHAMOLOGISTS,56
MEDICAL_LAB,"Y tế, phòng thí nghiệm & hóa chất",HOSPITALS,51
MEDICAL_LAB,"Y tế, phòng thí nghiệm & hóa chất",OPTICIANS,42
MEDICAL_LAB,"Y tế, phòng thí nghiệm & hóa chất",HEARING AID SALES  SERVICE  SUPPLY STORE,39
MEDICAL_LAB,"Y tế, phòng thí nghiệm & hóa chất",AMBULANCE SERVICES,31
MEDICAL_LAB,"Y tế, phòng thí nghiệm & hóa chất",DENTISTS  ORTHODONTISTS,8
MEDICAL_LAB,"Y tế, phòng thí nghiệm & hóa chất",CHIROPRACTORS,8
MEDICAL_LAB,"Y tế, phòng thí nghiệm & hóa chất",NURSING AND PERSONAL CARE FACILITIES,6
FACILITIES_MRO,"Vật tư, xây dựng, sửa chữa & nội thất",INDUSTRIAL SUPPLIES NOT ESLEWHERE CLASSI,19160
FACILITIES_MRO,"Vật tư, xây dựng, sửa chữa & nội thất",HOME SUPPLY WAREHOUSE STORES,13224
FACILITIES_MRO,"Vật tư, xây dựng, sửa chữa & nội thất",HARDWARE STORES,6161
FACILITIES_MRO,"Vật tư, xây dựng, sửa chữa & nội thất",COMMERCIAL EQUIPMENT  NOT ELSEWHERE CLAS,4731
FACILITIES_MRO,"Vật tư, xây dựng, sửa chữa & nội thất",PLUMBING & HEATING EQUIPMENT AND SUPPLIE,4301
FACILITIES_MRO,"Vật tư, xây dựng, sửa chữa & nội thất",ELECTRICAL PARTS AND EQUIPMENT,3745
FACILITIES_MRO,"Vật tư, xây dựng, sửa chữa & nội thất",DURABLE GOODS NOT ELSEWHERE CLASSIFIED,2834
FACILITIES_MRO,"Vật tư, xây dựng, sửa chữa & nội thất",EQUIP RENTALS & LEASING SERVICES  TOOL R,2304
FACILITIES_MRO,"Vật tư, xây dựng, sửa chữa & nội thất",CONSTRUCTION MATERIALS,2047
FACILITIES_MRO,"Vật tư, xây dựng, sửa chữa & nội thất",HARDWARE EQUIPMENT AND SUPPLIES,1404
FACILITIES_MRO,"Vật tư, xây dựng, sửa chữa & nội thất",GLASS  PAINT  WALLPAPER STORES,1199
FACILITIES_MRO,"Vật tư, xây dựng, sửa chữa & nội thất",LUMBER AND BUILDING MATERIALS STORES,1151
FACILITIES_MRO,"Vật tư, xây dựng, sửa chữa & nội thất",HEATING  PLUMBING  AIR CONDITIONING CONT,772
FACILITIES_MRO,"Vật tư, xây dựng, sửa chữa & nội thất",DISINFECTING AND EXTERMINATING SERVICES,768
FACILITIES_MRO,"Vật tư, xây dựng, sửa chữa & nội thất",SPECIAL TRADE CONTRACTORS,762
FACILITIES_MRO,"Vật tư, xây dựng, sửa chữa & nội thất",GENERAL CONTRACTORS-RESIDENTIAL,524
FACILITIES_MRO,"Vật tư, xây dựng, sửa chữa & nội thất",SPECIALITY CLEANING POLISHING & SANITATI,432
FACILITIES_MRO,"Vật tư, xây dựng, sửa chữa & nội thất",FURNITURE  HOME FURNISHINGS AND EQUIPMEN,287
FACILITIES_MRO,"Vật tư, xây dựng, sửa chữa & nội thất",ELECTRICAL CONTRACTORS,280
FACILITIES_MRO,"Vật tư, xây dựng, sửa chữa & nội thất",HOUSEHOLD APPLIANCE STORES,246
FACILITIES_MRO,"Vật tư, xây dựng, sửa chữa & nội thất",METAL SERVICE CENTERS AND OFFICES,229
FACILITIES_MRO,"Vật tư, xây dựng, sửa chữa & nội thất",CONTRACTORS  CONCRETE WORK,227
FACILITIES_MRO,"Vật tư, xây dựng, sửa chữa & nội thất",MISCELLANEOUS REPAIR SHOPS AND RELATED S,221
FACILITIES_MRO,"Vật tư, xây dựng, sửa chữa & nội thất",PAINTS VARNISHES AND SUPPLIES,199
FACILITIES_MRO,"Vật tư, xây dựng, sửa chữa & nội thất",COMMERCIAL FURNITURE,196
FACILITIES_MRO,"Vật tư, xây dựng, sửa chữa & nội thất",MISCELLANEOUS HOUSE FURNISHING SPECIALIT,173
FACILITIES_MRO,"Vật tư, xây dựng, sửa chữa & nội thất",FLOOR COVERING  RUG AND CARPET STORES,147
FACILITIES_MRO,"Vật tư, xây dựng, sửa chữa & nội thất",ELECTRICAL AND SMALL APPLIANCE REPAIR SH,134
FACILITIES_MRO,"Vật tư, xây dựng, sửa chữa & nội thất",ROOFING & SIDING  SHEET METAL WORK,101
FACILITIES_MRO,"Vật tư, xây dựng, sửa chữa & nội thất",CLEANING AND MAINTENANCE  JANITORIAL SER,98
FACILITIES_MRO,"Vật tư, xây dựng, sửa chữa & nội thất",WELDING,74
FACILITIES_MRO,"Vật tư, xây dựng, sửa chữa & nội thất",SWIMMING POOLS-SALES AND SUPPLIES,70
FACILITIES_MRO,"Vật tư, xây dựng, sửa chữa & nội thất",MASONRY STONEWORK TILE SETTING PLASTERIN,67
FACILITIES_MRO,"Vật tư, xây dựng, sửa chữa & nội thất",CARPET AND UPHOLSTERY CLEANING,26
FACILITIES_MRO,"Vật tư, xây dựng, sửa chữa & nội thất",WINDOW COVERING  UPHOLSTERY AND DRAPERY,24
FACILITIES_MRO,"Vật tư, xây dựng, sửa chữa & nội thất",FIREPLACE  FIREPLACE SCREENS  AND ACCESS,14
FACILITIES_MRO,"Vật tư, xây dựng, sửa chữa & nội thất",AIR CONDITIONING AND REFRIGERATION REPAI,13
FACILITIES_MRO,"Vật tư, xây dựng, sửa chữa & nội thất",WRECKING AND SALVAGE YARDS,7
FACILITIES_MRO,"Vật tư, xây dựng, sửa chữa & nội thất",CARPENTRY,6
FACILITIES_MRO,"Vật tư, xây dựng, sửa chữa & nội thất",TENT AND AWNING SHOPS,5
FACILITIES_MRO,"Vật tư, xây dựng, sửa chữa & nội thất",REUPHOLSTERY AND FURNITURE REPAIR  FURNI,2
VEHICLE_FUEL,Xe cộ & nhiên liệu,AUTOMOTIVE PARTS  ACCESSORIES STORES,6443
VEHICLE_FUEL,Xe cộ & nhiên liệu,MISCELLANEOUS AUTOMOTIVE DEALERS,4258
VEHICLE_FUEL,Xe cộ & nhiên liệu,SERVICE STATIONS,1534
VEHICLE_FUEL,Xe cộ & nhiên liệu,AUTOMOTIVE TIRE STORES,989
VEHICLE_FUEL,Xe cộ & nhiên liệu,AUTOMATED FUEL DISPENSERS,932
VEHICLE_FUEL,Xe cộ & nhiên liệu,AUTO AND TRUCK DEALERS-(NEW&USED)-SALES,856
VEHICLE_FUEL,Xe cộ & nhiên liệu,AUTOMOTIVE REPAIR SHOPS (NON-DEALER),703
VEHICLE_FUEL,Xe cộ & nhiên liệu,FUEL DEALERS-FUEL OIL  WOOD  COAL  LIQUE,356
VEHICLE_FUEL,Xe cộ & nhiên liệu,MOTOR VEHICLE SUPPLIES AND NEW PARTS,192
VEHICLE_FUEL,Xe cộ & nhiên liệu,RECREATIONAL AND UTILITY TRAILER  CAMPER,179
VEHICLE_FUEL,Xe cộ & nhiên liệu,MOTORCYCLE DEALERS,131
VEHICLE_FUEL,Xe cộ & nhiên liệu,MARINAS  MARINE SERVICE/SUPPLIES,102
VEHICLE_FUEL,Xe cộ & nhiên liệu,CAR WASHES,89
VEHICLE_FUEL,Xe cộ & nhiên liệu,AUTOMOTIVE BODY REPAIR SHOPS,89
VEHICLE_FUEL,Xe cộ & nhiên liệu,BOAT DEALERS,47
VEHICLE_FUEL,Xe cộ & nhiên liệu,PETROLEUM AND PETROLEUM PRODUCTS,47
VEHICLE_FUEL,Xe cộ & nhiên liệu,TOWING SERVICES,46
VEHICLE_FUEL,Xe cộ & nhiên liệu,TIRE RETREADING AND REPAIR SHOPS,40
VEHICLE_FUEL,Xe cộ & nhiên liệu,AUTOMOBILE ASSOCIATIONS,8
VEHICLE_FUEL,Xe cộ & nhiên liệu,AUTOMOBILE AND TRUCK DEALERS- (USED ONLY,5
VEHICLE_FUEL,Xe cộ & nhiên liệu,AUTOMOTIVE PAINT SHOPS,4
VEHICLE_FUEL,Xe cộ & nhiên liệu,MOBILE HOME DEALERS,2
VEHICLE_FUEL,Xe cộ & nhiên liệu,ELECTRIC VEHICLE CHARGING,1
UTILITIES,"Điện, nước, gas",UTILITIES-ELEC/GAS/HEAT OIL/SANITARY/WTR,12100
PROF_SERVICES,Dịch vụ chuyên môn & vận chuyển,BUSINESS SERVICES NOT ELSEWHERE CLASSIFI,8167
PROF_SERVICES,Dịch vụ chuyên môn & vận chuyển,COURIER SERVICES-AIR OR GROUND FREIGHT F,5271
PROF_SERVICES,Dịch vụ chuyên môn & vận chuyển,ADVERTISING SERVICES,4081
PROF_SERVICES,Dịch vụ chuyên môn & vận chuyển,PROFESSIONAL SERVICES NOT ELSEWHERE CLAS,3639
PROF_SERVICES,Dịch vụ chuyên môn & vận chuyển,EMPLOYMENT AGENCIES  TEMPORARY HELP SUPP,1100
PROF_SERVICES,Dịch vụ chuyên môn & vận chuyển,DETECTIVE AGENCIES & PROTECTIVE AGENCY A,1036
PROF_SERVICES,Dịch vụ chuyên môn & vận chuyển,MISCELLANEOUS PERSONAL SERVICES,987
PROF_SERVICES,Dịch vụ chuyên môn & vận chuyển,COMMERCIAL PHOTOGRAPHY  ART  AND GRAPHIC,912
PROF_SERVICES,Dịch vụ chuyên môn & vận chuyển,MANAGEMENT  CONSULTING AND PUBLIC RELATI,728
PROF_SERVICES,Dịch vụ chuyên môn & vận chuyển,DRY CLEANERS,470
PROF_SERVICES,Dịch vụ chuyên môn & vận chuyển,PHOTOGRAPHIC STUDIOS,366
PROF_SERVICES,Dịch vụ chuyên môn & vận chuyển,STENOGRAPHIC SERVICES,303
PROF_SERVICES,Dịch vụ chuyên môn & vận chuyển,MOTOR FREIGHT CARRIERS  TRUCK-LOCAL/LONG,208
PROF_SERVICES,Dịch vụ chuyên môn & vận chuyển,INSURANCE-SALES & UNDERWRITING,150
PROF_SERVICES,Dịch vụ chuyên môn & vận chuyển,LEGAL SERVICES  ATTORNEYS,124
PROF_SERVICES,Dịch vụ chuyên môn & vận chuyển,LAUNDRIES SERVICES-FAMILY AND COMMERCIAL,71
PROF_SERVICES,Dịch vụ chuyên môn & vận chuyển,ACCOUNTING  AUDITING AND BOOKKEEPING SER,69
PROF_SERVICES,Dịch vụ chuyên môn & vận chuyển,MOTION PICTURE & VIDEO TAPE PRODUCTION &,68
PROF_SERVICES,Dịch vụ chuyên môn & vận chuyển,REAL ESTATE AGENTS AND MANAGERS-RENTALS,58
PROF_SERVICES,Dịch vụ chuyên môn & vận chuyển,LAUNDRY  CLEANING  AND GARMENT SERVICES,55
PROF_SERVICES,Dịch vụ chuyên môn & vận chuyển,PHOTOFINISHING LABORATORIES  PHOTO DEVEL,39
PROF_SERVICES,Dịch vụ chuyên môn & vận chuyển,DIRECT MARKETING INSURANCE SERVICES,34
PROF_SERVICES,Dịch vụ chuyên môn & vận chuyển,ENGINEERING  ARCHITECTURAL AND SURVEYING,28
PROF_SERVICES,Dịch vụ chuyên môn & vận chuyển,RAILROADS - FREIGHT,17
PROF_SERVICES,Dịch vụ chuyên môn & vận chuyển,TAX PREPARATION SERVICE,3
FEES_EDU_EVENTS,"Lệ phí, hội phí, đào tạo & sự kiện",GOVERNMENT SERVICES NOT ELSEWHERE CLASSI,14950
FEES_EDU_EVENTS,"Lệ phí, hội phí, đào tạo & sự kiện",CHARITABLE AND SOCIAL SERVICE ORGANIZATI,6395
FEES_EDU_EVENTS,"Lệ phí, hội phí, đào tạo & sự kiện",MEMBERSHIP ORGANIZATIONS NOT ELSEWHERE C,5387
FEES_EDU_EVENTS,"Lệ phí, hội phí, đào tạo & sự kiện",SCHOOLS AND EDUCATIONAL SERVICES NOT ELS,3379
FEES_EDU_EVENTS,"Lệ phí, hội phí, đào tạo & sự kiện",COLLEGES  UNIVERSITIES  PROFESSIONAL SCH,2346
FEES_EDU_EVENTS,"Lệ phí, hội phí, đào tạo & sự kiện",CIVIC  SOCIAL AND FRATERNAL ASSOCIATIONS,1224
FEES_EDU_EVENTS,"Lệ phí, hội phí, đào tạo & sự kiện",AMUSEMENT RECREATION SERVICES (SWIMMING,336
FEES_EDU_EVENTS,"Lệ phí, hội phí, đào tạo & sự kiện",TAX PAYMENTS,299
FEES_EDU_EVENTS,"Lệ phí, hội phí, đào tạo & sự kiện",TOURIST ATTRACTIONS AND EXHIBITS,232
FEES_EDU_EVENTS,"Lệ phí, hội phí, đào tạo & sự kiện",THEATRICAL PRODUCERS (EXCEPT MOTION PICT,224
FEES_EDU_EVENTS,"Lệ phí, hội phí, đào tạo & sự kiện",VOCATIONAL AND TRADE SCHOOLS,177
FEES_EDU_EVENTS,"Lệ phí, hội phí, đào tạo & sự kiện",MEMBERSHIP CLUBS (SPORTS RECREATION ATHL,160
FEES_EDU_EVENTS,"Lệ phí, hội phí, đào tạo & sự kiện",BANDS  ORCHESTRAS  ENTERTAINERS,159
FEES_EDU_EVENTS,"Lệ phí, hội phí, đào tạo & sự kiện",COMM. SPORTS  PROF. SPORTS CLUBS ATHLETI,151
FEES_EDU_EVENTS,"Lệ phí, hội phí, đào tạo & sự kiện",OTHER FEES,104
FEES_EDU_EVENTS,"Lệ phí, hội phí, đào tạo & sự kiện",SPORTING AND RECREATIONAL CAMPS,59
FEES_EDU_EVENTS,"Lệ phí, hội phí, đào tạo & sự kiện",MOTION PICTURE THEATERS,55
FEES_EDU_EVENTS,"Lệ phí, hội phí, đào tạo & sự kiện",AMUSEMENT PARKS  CIRCUSES  CARNIVALS  FO,54
FEES_EDU_EVENTS,"Lệ phí, hội phí, đào tạo & sự kiện",GOLF COURSES-PUBLIC,47
FEES_EDU_EVENTS,"Lệ phí, hội phí, đào tạo & sự kiện",COURT COSTS INCLUDING ALIMONY AND CHILD,38
FEES_EDU_EVENTS,"Lệ phí, hội phí, đào tạo & sự kiện",BUSINESS AND SECRETARIAL SCHOOLS,35
FEES_EDU_EVENTS,"Lệ phí, hội phí, đào tạo & sự kiện",ELEMENTARY AND SECONDARY SCHOOLS,27
FEES_EDU_EVENTS,"Lệ phí, hội phí, đào tạo & sự kiện",VIDEO GAME ARCADES/ESTABLISHMENTS,27
FEES_EDU_EVENTS,"Lệ phí, hội phí, đào tạo & sự kiện",BOWLING ALLEYS,25
FEES_EDU_EVENTS,"Lệ phí, hội phí, đào tạo & sự kiện",RELIGIOUS ORGANIZATIONS,22
FEES_EDU_EVENTS,"Lệ phí, hội phí, đào tạo & sự kiện",FINES,19
FEES_EDU_EVENTS,"Lệ phí, hội phí, đào tạo & sự kiện",AQUARIUMS  SEAQUARIUMS AND DOLPHINARIUMS,10
FEES_EDU_EVENTS,"Lệ phí, hội phí, đào tạo & sự kiện",BILLIARD AND POOL ESTABLISHMENTS,3
FEES_EDU_EVENTS,"Lệ phí, hội phí, đào tạo & sự kiện",DANCE HALLS  STUDIOS  AND SCHOOLS,3
FEES_EDU_EVENTS,"Lệ phí, hội phí, đào tạo & sự kiện",CORRESPONDENCE SCHOOLS,3
FEES_EDU_EVENTS,"Lệ phí, hội phí, đào tạo & sự kiện",CHILD CARE SERVICES,2
FEES_EDU_EVENTS,"Lệ phí, hội phí, đào tạo & sự kiện",POLITICAL ORGANIZATIONS,2
APPAREL_SPORTS,"Trang phục, đồng phục & đồ thể thao",SPORTING GOODS STORES,1863
APPAREL_SPORTS,"Trang phục, đồng phục & đồ thể thao",MEN S WOMENS AND CHILDREN S UNIFORMS AND,1456
APPAREL_SPORTS,"Trang phục, đồng phục & đồ thể thao",MEN S AND WOMEN S CLOTHING STORES,1402
APPAREL_SPORTS,"Trang phục, đồng phục & đồ thể thao",SHOE STORES,503
APPAREL_SPORTS,"Trang phục, đồng phục & đồ thể thao",MISCELLENEOUS APPAREL AND ACCESSORY STOR,397
APPAREL_SPORTS,"Trang phục, đồng phục & đồ thể thao",SPORTS APPAREL  RIDING APPAREL STORES,232
APPAREL_SPORTS,"Trang phục, đồng phục & đồ thể thao",SEWING  NEEDLEWORK  FABRIC AND PIECE GOO,177
APPAREL_SPORTS,"Trang phục, đồng phục & đồ thể thao",FAMILY CLOTHING STORES,152
APPAREL_SPORTS,"Trang phục, đồng phục & đồ thể thao",PIECE GOOD NOTIONS AND OTHER DRY GOODS,62
APPAREL_SPORTS,"Trang phục, đồng phục & đồ thể thao",WOMEN S ACCESSORY AND SPECIALITY SHOPS,30
APPAREL_SPORTS,"Trang phục, đồng phục & đồ thể thao",WOMEN S READY TO WEAR STORES,22
APPAREL_SPORTS,"Trang phục, đồng phục & đồ thể thao",BICYCLE SHOPS-SALES AND SERVICE,21
APPAREL_SPORTS,"Trang phục, đồng phục & đồ thể thao",MEN S AND BOYS  CLOTHING AND ACCESSORIES,17
APPAREL_SPORTS,"Trang phục, đồng phục & đồ thể thao",CLOTHING RENTAL-COSTUMES/UNIFORMS,12
APPAREL_SPORTS,"Trang phục, đồng phục & đồ thể thao",COMMERCIAL FOOTWEAR,11
APPAREL_SPORTS,"Trang phục, đồng phục & đồ thể thao",CHILDREN S AND INFANT S WEAR STORES,8
APPAREL_SPORTS,"Trang phục, đồng phục & đồ thể thao",TAILORS  SEAMSTRESS  MENDING  ALTERATION,8
APPAREL_SPORTS,"Trang phục, đồng phục & đồ thể thao",SHOE REPAIR SHOPS  SHOE SHINE PARLORS &,2
AGRI_ANIMAL,"Nông nghiệp, cây trồng & động vật",PET SHOPS-PET FOOD AND SUPPLY STORES,1150
AGRI_ANIMAL,"Nông nghiệp, cây trồng & động vật",NURSERIES  LAWN AND GARDEN SUPPLY STORES,709
AGRI_ANIMAL,"Nông nghiệp, cây trồng & động vật",AGRICULTURAL COOPERATIVES,513
AGRI_ANIMAL,"Nông nghiệp, cây trồng & động vật",LANDSCAPE AND HORTICULTURAL SERVICES,437
AGRI_ANIMAL,"Nông nghiệp, cây trồng & động vật",PUBLIC WAREHOUSING-FARM PROD REFRIDGERAT,421
AGRI_ANIMAL,"Nông nghiệp, cây trồng & động vật",VETERINARY SERVICES,413
AGRI_ANIMAL,"Nông nghiệp, cây trồng & động vật",FLORISTS SUPPLIES NURSERY STOCK & FLOWER,161
OTHER,Khác,GIFT  CARD  NOVELTY  AND SOUVENIR SHOPS,227
OTHER,Khác,FLORISTS,194
OTHER,Khác,POI FUNDING TRANSACTIONS EXCLUDING MONEYSEND,169
OTHER,Khác,AUTOGRAPH,91
OTHER,Khác,COSMETIC STORES,72
OTHER,Khác,JEWELRY STORES-WATCHES  CLOCKES  AND SIL,59
OTHER,Khác,RECORD SHOPS,58
OTHER,Khác,PACKAGE STORES  BEER  LIQUOR,57
OTHER,Khác,BEAUTY SHOPS AND BARBER SHOPS,41
OTHER,Khác,PRECIOUS STONES AND METALS  WATCHES & JE,36
OTHER,Khác,LUGGAGE AND LEATHER GOODS STORES,23
OTHER,Khác,ART DEALERS AND GALLERIES,19
OTHER,Khác,STAMP & COIN STORES-PHILATELIC & NUMISMA,17
OTHER,Khác,CIGAR STORES AND STANDS,12
OTHER,Khác,HEALTH AND BEAUTY SPAS,7
OTHER,Khác,VIDEO RENTAL STORES,4
OTHER,Khác,PAWN SHOPS,4
OTHER,Khác,RELIGIOUS GOODS STORES,3
OTHER,Khác,GLASSWARE AND CRYSTAL STORES,3
OTHER,Khác,WATCH  CLOCK AND JEWELRY REPAIR,3
OTHER,Khác,ANTIQUE SHOPS,3
OTHER,Khác,FURRIERS AND FUR SHOPS,1
OTHER,Khác,VIDEO AMUSEMENT GAME SUPPLIES,1
OTHER,Khác,ANTIQUE REPRODUCTION STORES,1
OTHER,Khác,WIRE TRANSFER MONEY ORDERS,1
OTHER,Khác,MASSAGE PARLORS,1
OTHER,Khác,FUNERAL SERVICE AND CREMATORIES,1
RETAIL_GENERAL,Chưa xác định (cửa hàng bán đủ loại),MISCELLANEOUS AND RETAIL STORES,14839
RETAIL_GENERAL,Chưa xác định (cửa hàng bán đủ loại),VARIETY STORES,11253
RETAIL_GENERAL,Chưa xác định (cửa hàng bán đủ loại),MISCELLANEOUS GENERAL MERCHANDISE STORES,7358
RETAIL_GENERAL,Chưa xác định (cửa hàng bán đủ loại),DISCOUNT STORES,4408
RETAIL_GENERAL,Chưa xác định (cửa hàng bán đủ loại),NON-DURABLE GOODS NOT ELSEWHERE CLASSIFI,2604
RETAIL_GENERAL,Chưa xác định (cửa hàng bán đủ loại),CATALOG MERCHANTS,2226
RETAIL_GENERAL,Chưa xác định (cửa hàng bán đủ loại),DEPARTMENT STORES,1725
RETAIL_GENERAL,Chưa xác định (cửa hàng bán đủ loại),HOBBY TOY  AND GAME SHOPS,1315
RETAIL_GENERAL,Chưa xác định (cửa hàng bán đủ loại),ALL OTHER DIRECT MARKETERS,1016
RETAIL_GENERAL,Chưa xác định (cửa hàng bán đủ loại),WHOLESALE CLUBS,916
RETAIL_GENERAL,Chưa xác định (cửa hàng bán đủ loại),COMBINATION CATALOG AND RETAIL MERCHANT,422
RETAIL_GENERAL,Chưa xác định (cửa hàng bán đủ loại),MUSIC STORES-MUSICAL INSTRUMENTS  PIANOS,388
RETAIL_GENERAL,Chưa xác định (cửa hàng bán đủ loại),MARKETPLACES,72
RETAIL_GENERAL,Chưa xác định (cửa hàng bán đủ loại),USED MERCHANDISE STORES  SECOND HAND STO,19
RETAIL_GENERAL,Chưa xác định (cửa hàng bán đủ loại),DUTY FREE STORES,1
